AA.f	AA.r	AC.f	AC.r	AG.f	AG.r	AT.f	AT.r	CA.f	CA.r	CC.f	CC.r	CG.f	CG.r	CT.f	CT.r	GA.f	GA.r	GC.f	GC.r	GG.f	GG.r	GT.f	GT.r	TA.f	TA.r	TC.f	TC.r	TG.f	TG.r	TT.f	TT.r
0.084449	0.077300	0.052919	0.074594	0.079932	0.060953	0.058697	0.051124	0.079148	0.053973	0.056091	0.065279	0.014679	0.050351	0.074070	0.066439	0.066439	0.074070	0.050351	0.014679	0.065279	0.056091	0.053973	0.079148	0.051124	0.058697	0.060953	0.079932	0.074594	0.052919	0.077300	0.084449
0.083353	0.077682	0.054121	0.072863	0.083094	0.061874	0.060593	0.051622	0.075336	0.055233	0.057537	0.064305	0.014478	0.049752	0.072963	0.065194	0.065194	0.072963	0.049752	0.014478	0.064305	0.057537	0.055233	0.075336	0.051622	0.060593	0.061874	0.083094	0.072863	0.054121	0.077682	0.083353
0.081786	0.077883	0.053989	0.075627	0.081653	0.061943	0.058077	0.051018	0.078005	0.053512	0.057389	0.065751	0.014552	0.048857	0.073339	0.066619	0.066619	0.073339	0.048857	0.014552	0.065751	0.057389	0.053512	0.078005	0.051018	0.058077	0.061943	0.081653	0.075627	0.053989	0.077883	0.081786
0.081870	0.075855	0.054058	0.073720	0.081918	0.061339	0.059581	0.051897	0.078889	0.054709	0.057871	0.065899	0.013414	0.049355	0.072005	0.067620	0.067620	0.072005	0.049355	0.013414	0.065899	0.057871	0.054709	0.078889	0.051897	0.059581	0.061339	0.081918	0.073720	0.054058	0.075855	0.081870
0.083401	0.077088	0.056790	0.072190	0.080727	0.060582	0.059359	0.052289	0.078476	0.054593	0.056642	0.064395	0.014277	0.048699	0.073228	0.067265	0.067265	0.073228	0.048699	0.014277	0.064395	0.056642	0.054593	0.078476	0.052289	0.059359	0.060582	0.080727	0.072190	0.056790	0.077088	0.083401
0.085339	0.076114	0.055376	0.074997	0.081590	0.062383	0.059126	0.050774	0.078714	0.054487	0.057161	0.063484	0.014298	0.047761	0.072540	0.065856	0.065856	0.072540	0.047761	0.014298	0.063484	0.057161	0.054487	0.078714	0.050774	0.059126	0.062383	0.081590	0.074997	0.055376	0.076114	0.085339
0.083480	0.076776	0.055985	0.074737	0.083480	0.058183	0.057738	0.052570	0.079805	0.052506	0.056917	0.063367	0.013493	0.049694	0.072465	0.068801	0.068801	0.072465	0.049694	0.013493	0.063367	0.056917	0.052506	0.079805	0.052570	0.057738	0.058183	0.083480	0.074737	0.055985	0.076776	0.083480
0.084529	0.075743	0.055509	0.071851	0.083295	0.060301	0.061323	0.051590	0.078185	0.054185	0.055662	0.064157	0.013250	0.048296	0.073683	0.068441	0.068441	0.073683	0.048296	0.013250	0.064157	0.055662	0.054185	0.078185	0.051590	0.061323	0.060301	0.083295	0.071851	0.055509	0.075743	0.084529
0.085699	0.075404	0.054010	0.075484	0.082998	0.061191	0.060037	0.052856	0.076125	0.052993	0.056647	0.062441	0.013589	0.047274	0.073408	0.069844	0.069844	0.073408	0.047274	0.013589	0.062441	0.056647	0.052993	0.076125	0.052856	0.060037	0.061191	0.082998	0.075484	0.054010	0.075404	0.085699
0.084878	0.076956	0.055191	0.072804	0.081230	0.060116	0.063225	0.051966	0.077676	0.054857	0.053290	0.063876	0.013980	0.046554	0.074176	0.069224	0.069224	0.074176	0.046554	0.013980	0.063876	0.053290	0.054857	0.077676	0.051966	0.063225	0.060116	0.081230	0.072804	0.055191	0.076956	0.084878
0.086578	0.080547	0.055133	0.073090	0.078227	0.060471	0.063807	0.055106	0.076194	0.056139	0.052342	0.059692	0.012413	0.045908	0.074202	0.070151	0.070151	0.074202	0.045908	0.012413	0.059692	0.052342	0.056139	0.076194	0.055106	0.063807	0.060471	0.078227	0.073090	0.055133	0.080547	0.086578
0.085874	0.083565	0.056838	0.074960	0.081505	0.059830	0.063812	0.056340	0.073593	0.054688	0.053751	0.058368	0.013552	0.044896	0.072958	0.065470	0.065470	0.072958	0.044896	0.013552	0.058368	0.053751	0.054688	0.073593	0.056340	0.063812	0.059830	0.081505	0.074960	0.056838	0.083565	0.085874
0.088230	0.081251	0.052718	0.075929	0.076342	0.059147	0.063987	0.058697	0.077131	0.058718	0.052400	0.057230	0.012482	0.042529	0.073302	0.069908	0.069908	0.073302	0.042529	0.012482	0.057230	0.052400	0.058718	0.077131	0.058697	0.063987	0.059147	0.076342	0.075929	0.052718	0.081251	0.088230
0.091535	0.084502	0.057113	0.071237	0.079742	0.061938	0.065576	0.059581	0.075727	0.056743	0.047459	0.055562	0.010692	0.039855	0.072916	0.069823	0.069823	0.072916	0.039855	0.010692	0.055562	0.047459	0.056743	0.075727	0.059581	0.065576	0.061938	0.079742	0.071237	0.057113	0.084502	0.091535
0.092626	0.081611	0.054497	0.074610	0.080033	0.061879	0.069510	0.061636	0.075913	0.056303	0.047973	0.053248	0.010729	0.038616	0.071750	0.069066	0.069066	0.071750	0.038616	0.010729	0.053248	0.047973	0.056303	0.075913	0.061636	0.069510	0.061879	0.080033	0.074610	0.054497	0.081611	0.092626
0.096444	0.083782	0.054317	0.070532	0.081087	0.062504	0.067392	0.062356	0.077178	0.057913	0.044552	0.051087	0.009543	0.035915	0.071692	0.073705	0.073705	0.071692	0.035915	0.009543	0.051087	0.044552	0.057913	0.077178	0.062356	0.067392	0.062504	0.081087	0.070532	0.054317	0.083782	0.096444
0.094839	0.088352	0.060757	0.065417	0.074727	0.061842	0.079360	0.065168	0.074758	0.058220	0.043234	0.045309	0.008049	0.036153	0.071247	0.072566	0.072566	0.071247	0.036153	0.008049	0.045309	0.043234	0.058220	0.074758	0.065168	0.079360	0.061842	0.074727	0.065417	0.060757	0.088352	0.094839
0.103228	0.087706	0.047910	0.074197	0.083644	0.058829	0.072550	0.076448	0.080880	0.058204	0.035941	0.039892	0.007652	0.022348	0.077512	0.073058	0.073058	0.077512	0.022348	0.007652	0.039892	0.035941	0.058204	0.080880	0.076448	0.072550	0.058829	0.083644	0.074197	0.047910	0.087706	0.103228
0.101824	0.081357	0.079731	0.075267	0.077867	0.076368	0.074192	0.062981	0.064633	0.051955	0.038563	0.044711	0.006598	0.029899	0.055233	0.078820	0.078820	0.055233	0.029899	0.006598	0.044711	0.038563	0.051955	0.064633	0.062981	0.074192	0.076368	0.077867	0.075267	0.079731	0.081357	0.101824
0.185437	0.115942	0.026558	0.006127	0.002034	0.030588	0.094230	0.110080	0.132438	0.071645	0.006625	0.001160	0.000381	0.005280	0.085117	0.126359	0.126359	0.085117	0.005280	0.000381	0.001160	0.006625	0.071645	0.132438	0.110080	0.094230	0.030588	0.002034	0.006127	0.026558	0.115942	0.185437
0.082183	0.032081	0.105574	0.191416	0.311701	0.096974	0.054857	0.046464	0.013377	0.001133	0.030212	0.006063	0.012635	0.001329	0.012826	0.001176	0.001176	0.012826	0.001329	0.012635	0.006063	0.030212	0.001133	0.013377	0.046464	0.054857	0.096974	0.311701	0.191416	0.105574	0.032081	0.082183
0.014770	0.005725	0.042482	0.053978	0.079731	0.035740	0.006217	0.005454	0.063156	0.075108	0.098732	0.209781	0.020955	0.143771	0.051246	0.093155	0.093155	0.051246	0.143771	0.020955	0.209781	0.098732	0.075108	0.063156	0.005454	0.006217	0.035740	0.079731	0.053978	0.042482	0.005725	0.014770
0.029465	0.024349	0.064088	0.044155	0.065549	0.057844	0.017433	0.011947	0.096497	0.047470	0.116642	0.137967	0.018439	0.107369	0.089147	0.071639	0.071639	0.089147	0.107369	0.018439	0.137967	0.116642	0.047470	0.096497	0.011947	0.017433	0.057844	0.065549	0.044155	0.064088	0.024349	0.029465
0.050457	0.044997	0.051230	0.055736	0.077491	0.054609	0.030370	0.023057	0.109275	0.045850	0.105425	0.082702	0.022401	0.074716	0.108841	0.062843	0.062843	0.108841	0.074716	0.022401	0.082702	0.105425	0.045850	0.109275	0.023057	0.030370	0.054609	0.077491	0.055736	0.051230	0.044997	0.050457
0.065369	0.062976	0.054783	0.071931	0.085863	0.066831	0.039617	0.028321	0.091773	0.045765	0.084931	0.068769	0.020240	0.061747	0.089035	0.062049	0.062049	0.089035	0.061747	0.020240	0.068769	0.084931	0.045765	0.091773	0.028321	0.039617	0.066831	0.085863	0.071931	0.054783	0.062976	0.065369
0.068801	0.070898	0.050515	0.072825	0.084142	0.064098	0.044054	0.029571	0.084243	0.051071	0.074499	0.076538	0.020521	0.055313	0.089030	0.063881	0.063881	0.089030	0.055313	0.020521	0.076538	0.074499	0.051071	0.084243	0.029571	0.044054	0.064098	0.084142	0.072825	0.050515	0.070898	0.068801
0.068303	0.075939	0.052157	0.076358	0.079975	0.069574	0.046061	0.033182	0.075886	0.054783	0.071179	0.071544	0.015998	0.061969	0.081362	0.065729	0.065729	0.081362	0.061969	0.015998	0.071544	0.071179	0.054783	0.075886	0.033182	0.046061	0.069574	0.079975	0.076358	0.052157	0.075939	0.068303
0.065560	0.074637	0.049848	0.081362	0.081494	0.066804	0.046199	0.035343	0.081367	0.053804	0.069807	0.070225	0.018895	0.059443	0.084809	0.060402	0.060402	0.084809	0.059443	0.018895	0.070225	0.069807	0.053804	0.081367	0.035343	0.046199	0.066804	0.081494	0.081362	0.049848	0.074637	0.065560
0.065210	0.073572	0.052188	0.083337	0.081701	0.067249	0.043572	0.035290	0.079948	0.050997	0.066169	0.075198	0.018831	0.062112	0.080954	0.063669	0.063669	0.080954	0.062112	0.018831	0.075198	0.066169	0.050997	0.079948	0.035290	0.043572	0.067249	0.081701	0.083337	0.052188	0.073572	0.065210
0.063124	0.069463	0.051871	0.079344	0.086144	0.065073	0.042979	0.035216	0.079953	0.052363	0.069743	0.076358	0.018021	0.062525	0.080001	0.067821	0.067821	0.080001	0.062525	0.018021	0.076358	0.069743	0.052363	0.079953	0.035216	0.042979	0.065073	0.086144	0.079344	0.051871	0.069463	0.063124
0.065036	0.066863	0.053724	0.076993	0.084121	0.065846	0.043234	0.035105	0.080314	0.054116	0.070209	0.076119	0.016962	0.062028	0.081727	0.067604	0.067604	0.081727	0.062028	0.016962	0.076119	0.070209	0.054116	0.080314	0.035105	0.043234	0.065846	0.084121	0.076993	0.053724	0.066863	0.065036
0.066720	0.067376	0.051924	0.079148	0.084667	0.063939	0.044748	0.035475	0.082421	0.051622	0.070887	0.074298	0.016935	0.061286	0.081563	0.066990	0.066990	0.081563	0.061286	0.016935	0.074298	0.070887	0.051622	0.082421	0.035475	0.044748	0.063939	0.084667	0.079148	0.051924	0.067376	0.066720
0.066232	0.063389	0.053751	0.078947	0.087706	0.067339	0.043917	0.035634	0.080372	0.052538	0.073170	0.074600	0.017624	0.062674	0.076871	0.065237	0.065237	0.076871	0.062674	0.017624	0.074600	0.073170	0.052538	0.080372	0.035634	0.043917	0.067339	0.087706	0.078947	0.053751	0.063389	0.066232
0.066444	0.062525	0.052713	0.076511	0.084434	0.062149	0.043885	0.035528	0.082998	0.052845	0.076548	0.077088	0.017587	0.059920	0.079800	0.069023	0.069023	0.079800	0.059920	0.017587	0.077088	0.076548	0.052845	0.082998	0.035528	0.043885	0.062149	0.084434	0.076511	0.052713	0.062525	0.066444
0.066370	0.061450	0.053099	0.079763	0.087802	0.062044	0.046723	0.035798	0.083168	0.053438	0.071941	0.077168	0.017401	0.059020	0.078820	0.065994	0.065994	0.078820	0.059020	0.017401	0.077168	0.071941	0.053438	0.083168	0.035798	0.046723	0.062044	0.087802	0.079763	0.053099	0.061450	0.066370
0.064919	0.061916	0.054545	0.078010	0.087044	0.063140	0.044822	0.037366	0.079964	0.054015	0.071274	0.080764	0.017354	0.059454	0.077512	0.067901	0.067901	0.077512	0.059454	0.017354	0.080764	0.071274	0.054015	0.079964	0.037366	0.044822	0.063140	0.087044	0.078010	0.054545	0.061916	0.064919
0.064056	0.059375	0.053327	0.077332	0.087007	0.064194	0.045760	0.037366	0.081240	0.052776	0.072667	0.080414	0.016342	0.061307	0.078163	0.068674	0.068674	0.078163	0.061307	0.016342	0.080414	0.072667	0.052776	0.081240	0.037366	0.045760	0.064194	0.087007	0.077332	0.053327	0.059375	0.064056
0.064935	0.060614	0.053375	0.076051	0.087621	0.063166	0.045405	0.036243	0.081208	0.054370	0.070993	0.079667	0.017740	0.059173	0.081553	0.067885	0.067885	0.081553	0.059173	0.017740	0.079667	0.070993	0.054370	0.081208	0.036243	0.045405	0.063166	0.087621	0.076051	0.053375	0.060614	0.064935
0.064421	0.059841	0.053735	0.080509	0.087208	0.064623	0.044907	0.036969	0.081013	0.053412	0.069743	0.079948	0.016792	0.060079	0.079159	0.067641	0.067641	0.079159	0.060079	0.016792	0.079948	0.069743	0.053412	0.081013	0.036969	0.044907	0.064623	0.087208	0.080509	0.053735	0.059841	0.064421
0.062573	0.059978	0.054227	0.077088	0.088278	0.064660	0.044965	0.035592	0.081177	0.054471	0.071486	0.080096	0.016623	0.060990	0.078894	0.068901	0.068901	0.078894	0.060990	0.016623	0.080096	0.071486	0.054471	0.081177	0.035592	0.044965	0.064660	0.088278	0.077088	0.054227	0.059978	0.062573
0.063622	0.062748	0.051929	0.076967	0.087849	0.062801	0.044843	0.035793	0.080430	0.054995	0.073509	0.078645	0.016962	0.060624	0.080462	0.067821	0.067821	0.080462	0.060624	0.016962	0.078645	0.073509	0.054995	0.080430	0.035793	0.044843	0.062801	0.087849	0.076967	0.051929	0.062748	0.063622
0.063378	0.062796	0.053989	0.078296	0.084635	0.064448	0.045664	0.037509	0.079133	0.055196	0.071221	0.078460	0.016718	0.060121	0.081791	0.066645	0.066645	0.081791	0.060121	0.016718	0.078460	0.071221	0.055196	0.079133	0.037509	0.045664	0.064448	0.084635	0.078296	0.053989	0.062796	0.063378
0.064744	0.064204	0.053555	0.078418	0.084614	0.065173	0.043752	0.037652	0.082246	0.053767	0.070358	0.075680	0.016390	0.062118	0.080785	0.066545	0.066545	0.080785	0.062118	0.016390	0.075680	0.070358	0.053767	0.082246	0.037652	0.043752	0.065173	0.084614	0.078418	0.053555	0.064204	0.064744
0.066217	0.064638	0.054026	0.075097	0.084820	0.066211	0.046125	0.036561	0.081717	0.054370	0.071110	0.074584	0.017237	0.059586	0.081140	0.066561	0.066561	0.081140	0.059586	0.017237	0.074584	0.071110	0.054370	0.081717	0.036561	0.046125	0.066211	0.084820	0.075097	0.054026	0.064638	0.066217
0.063749	0.063950	0.054571	0.077173	0.088178	0.067276	0.044557	0.037874	0.082776	0.052639	0.070522	0.075219	0.017401	0.058967	0.080234	0.064914	0.064914	0.080234	0.058967	0.017401	0.075219	0.070522	0.052639	0.082776	0.037874	0.044557	0.067276	0.088178	0.077173	0.054571	0.063950	0.063749
0.065390	0.063050	0.054799	0.077893	0.084582	0.064331	0.044542	0.036106	0.081754	0.054598	0.071242	0.075092	0.016824	0.059480	0.081516	0.068801	0.068801	0.081516	0.059480	0.016824	0.075092	0.071242	0.054598	0.081754	0.036106	0.044542	0.064331	0.084582	0.077893	0.054799	0.063050	0.065390
0.065073	0.063203	0.055265	0.078730	0.086605	0.064125	0.045108	0.037647	0.080960	0.054111	0.070803	0.074912	0.016914	0.058045	0.081177	0.067323	0.067323	0.081177	0.058045	0.016914	0.074912	0.070803	0.054111	0.080960	0.037647	0.045108	0.064125	0.086605	0.078730	0.055265	0.063203	0.065073
0.065274	0.062510	0.053083	0.080192	0.087786	0.065051	0.044859	0.035846	0.081680	0.053751	0.068721	0.077327	0.017015	0.058146	0.080822	0.067938	0.067938	0.080822	0.058146	0.017015	0.077327	0.068721	0.053751	0.081680	0.035846	0.044859	0.065051	0.087786	0.080192	0.053083	0.062510	0.065274
0.064262	0.062149	0.054974	0.080674	0.086727	0.061943	0.044775	0.037175	0.079609	0.054799	0.070241	0.078275	0.016544	0.060640	0.078608	0.068605	0.068605	0.078608	0.060640	0.016544	0.078275	0.070241	0.054799	0.079609	0.037175	0.044775	0.061943	0.086727	0.080674	0.054974	0.062149	0.064262
0.065184	0.061323	0.052861	0.079069	0.086335	0.062388	0.045272	0.037551	0.082172	0.054725	0.068774	0.078656	0.016311	0.058972	0.080541	0.069865	0.069865	0.080541	0.058972	0.016311	0.078656	0.068774	0.054725	0.082172	0.037551	0.045272	0.062388	0.086335	0.079069	0.052861	0.061323	0.065184
0.063775	0.059406	0.055763	0.081002	0.089867	0.064305	0.045368	0.037149	0.078661	0.054778	0.069606	0.078201	0.016279	0.060746	0.078449	0.066645	0.066645	0.078449	0.060746	0.016279	0.078201	0.069606	0.054778	0.078661	0.037149	0.045368	0.064305	0.089867	0.081002	0.055763	0.059406	0.063775
0.062335	0.058331	0.054121	0.080822	0.085133	0.063812	0.044642	0.035036	0.081431	0.055334	0.072550	0.080647	0.016427	0.061927	0.080012	0.067440	0.067440	0.080012	0.061927	0.016427	0.080647	0.072550	0.055334	0.081431	0.035036	0.044642	0.063812	0.085133	0.080822	0.054121	0.058331	0.062335
0.060344	0.059528	0.054587	0.077650	0.085731	0.064580	0.045579	0.036561	0.082442	0.056065	0.071269	0.078036	0.017121	0.061440	0.081579	0.067487	0.067487	0.081579	0.061440	0.017121	0.078036	0.071269	0.056065	0.082442	0.036561	0.045579	0.064580	0.085731	0.077650	0.054587	0.059528	0.060344
0.061599	0.059867	0.054026	0.080213	0.087590	0.066799	0.043620	0.035873	0.082654	0.052925	0.073143	0.078767	0.016946	0.059676	0.079133	0.067170	0.067170	0.079133	0.059676	0.016946	0.078767	0.073143	0.052925	0.082654	0.035873	0.043620	0.066799	0.087590	0.080213	0.054026	0.059867	0.061599
0.064776	0.059613	0.052633	0.076702	0.085323	0.062695	0.044563	0.036535	0.081351	0.056165	0.073276	0.077846	0.017348	0.059766	0.081669	0.069738	0.069738	0.081669	0.059766	0.017348	0.077846	0.073276	0.056165	0.081351	0.036535	0.044563	0.062695	0.085323	0.076702	0.052633	0.059613	0.064776
0.063653	0.060354	0.053957	0.078428	0.087473	0.065041	0.047316	0.038187	0.081945	0.053931	0.070818	0.074769	0.015940	0.059878	0.079667	0.068642	0.068642	0.079667	0.059878	0.015940	0.074769	0.070818	0.053931	0.081945	0.038187	0.047316	0.065041	0.087473	0.078428	0.053957	0.060354	0.063653
0.062843	0.060947	0.053650	0.079657	0.091005	0.063447	0.044928	0.037218	0.081246	0.053258	0.070596	0.077020	0.016877	0.058993	0.080975	0.067339	0.067339	0.080975	0.058993	0.016877	0.077020	0.070596	0.053258	0.081246	0.037218	0.044928	0.063447	0.091005	0.079657	0.053650	0.060947	0.062843
0.062811	0.060455	0.053454	0.078005	0.087267	0.064114	0.045113	0.037535	0.082140	0.054894	0.069018	0.079276	0.015882	0.061122	0.079646	0.069267	0.069267	0.079646	0.061122	0.015882	0.079276	0.069018	0.054894	0.082140	0.037535	0.045113	0.064114	0.087267	0.078005	0.053454	0.060455	0.062811
0.062462	0.060889	0.054090	0.079329	0.090561	0.063209	0.044642	0.036683	0.079784	0.054238	0.069420	0.077772	0.016565	0.059894	0.081939	0.068525	0.068525	0.081939	0.059894	0.016565	0.077772	0.069420	0.054238	0.079784	0.036683	0.044642	0.063209	0.090561	0.079329	0.054090	0.060889	0.062462
0.060704	0.060979	0.055006	0.080584	0.086695	0.063458	0.045050	0.036688	0.078852	0.052649	0.071073	0.080732	0.017343	0.060693	0.079344	0.070151	0.070151	0.079344	0.060693	0.017343	0.080732	0.071073	0.052649	0.078852	0.036688	0.045050	0.063458	0.086695	0.080584	0.055006	0.060979	0.060704
0.061758	0.059375	0.053925	0.079392	0.086409	0.062616	0.044303	0.036640	0.081828	0.054180	0.070850	0.080441	0.016300	0.062059	0.081251	0.068674	0.068674	0.081251	0.062059	0.016300	0.080441	0.070850	0.054180	0.081828	0.036640	0.044303	0.062616	0.086409	0.079392	0.053925	0.059375	0.061758
0.061085	0.058956	0.055827	0.080292	0.087754	0.064331	0.044234	0.035528	0.080171	0.054857	0.068970	0.078661	0.016639	0.059046	0.083671	0.069976	0.069976	0.083671	0.059046	0.016639	0.078661	0.068970	0.054857	0.080171	0.035528	0.044234	0.064331	0.087754	0.080292	0.055827	0.058956	0.061085
0.059984	0.059099	0.054201	0.080790	0.088262	0.064909	0.044314	0.036921	0.079217	0.054667	0.070681	0.078508	0.016173	0.061609	0.082103	0.068563	0.068563	0.082103	0.061609	0.016173	0.078508	0.070681	0.054667	0.079217	0.036921	0.044314	0.064909	0.088262	0.080790	0.054201	0.059099	0.059984
0.061138	0.057648	0.052305	0.079646	0.087108	0.066963	0.044134	0.035926	0.083242	0.053819	0.069865	0.079381	0.016438	0.061456	0.081855	0.069076	0.069076	0.081855	0.061456	0.016438	0.079381	0.069865	0.053819	0.083242	0.035926	0.044134	0.066963	0.087108	0.079646	0.052305	0.057648	0.061138
0.061848	0.061143	0.053269	0.077539	0.087886	0.063638	0.046379	0.035136	0.082088	0.055323	0.072397	0.078259	0.015823	0.059353	0.080282	0.069638	0.069638	0.080282	0.059353	0.015823	0.078259	0.072397	0.055323	0.082088	0.035136	0.046379	0.063638	0.087886	0.077539	0.053269	0.061143	0.061848
0.063277	0.060005	0.055075	0.080880	0.086038	0.066074	0.044319	0.036169	0.079773	0.053555	0.069272	0.079090	0.017237	0.059269	0.082374	0.067593	0.067593	0.082374	0.059269	0.017237	0.079090	0.069272	0.053555	0.079773	0.036169	0.044319	0.066074	0.086038	0.080880	0.055075	0.060005	0.063277
0.063240	0.058469	0.052469	0.078089	0.086128	0.064930	0.044976	0.038764	0.081786	0.054492	0.070638	0.077978	0.016263	0.060879	0.081002	0.069897	0.069897	0.081002	0.060879	0.016263	0.077978	0.070638	0.054492	0.081786	0.038764	0.044976	0.064930	0.086128	0.078089	0.052469	0.058469	0.063240
0.064056	0.059306	0.054471	0.079334	0.089131	0.064342	0.046030	0.035957	0.082358	0.053650	0.067699	0.078333	0.017211	0.058384	0.081648	0.068091	0.068091	0.081648	0.058384	0.017211	0.078333	0.067699	0.053650	0.082358	0.035957	0.046030	0.064342	0.089131	0.079334	0.054471	0.059306	0.064056
0.062774	0.060709	0.054402	0.079699	0.088818	0.064977	0.044467	0.035248	0.080668	0.055408	0.067980	0.079344	0.016602	0.059237	0.079646	0.070019	0.070019	0.079646	0.059237	0.016602	0.079344	0.067980	0.055408	0.080668	0.035248	0.044467	0.064977	0.088818	0.079699	0.054402	0.060709	0.062774
0.061143	0.059639	0.055032	0.081166	0.088988	0.063548	0.043546	0.035878	0.080335	0.053454	0.069383	0.077766	0.016692	0.061334	0.080186	0.071909	0.071909	0.080186	0.061334	0.016692	0.077766	0.069383	0.053454	0.080335	0.035878	0.043546	0.063548	0.088988	0.081166	0.055032	0.059639	0.061143
0.061048	0.059740	0.056451	0.077592	0.085922	0.063611	0.045844	0.035883	0.082659	0.055752	0.070035	0.078799	0.016231	0.060608	0.080372	0.069452	0.069452	0.080372	0.060608	0.016231	0.078799	0.070035	0.055752	0.082659	0.035883	0.045844	0.063611	0.085922	0.077592	0.056451	0.059740	0.061048
0.059459	0.057060	0.056330	0.081494	0.088331	0.066418	0.044923	0.036736	0.082564	0.054545	0.071179	0.078571	0.016729	0.058501	0.080234	0.066926	0.066926	0.080234	0.058501	0.016729	0.078571	0.071179	0.054545	0.082564	0.036736	0.044923	0.066418	0.088331	0.081494	0.056330	0.057060	0.059459
0.060121	0.054926	0.054714	0.080488	0.085821	0.064199	0.045029	0.037149	0.082072	0.056616	0.072359	0.080652	0.016305	0.059184	0.081690	0.068674	0.068674	0.081690	0.059184	0.016305	0.080652	0.072359	0.056616	0.082072	0.037149	0.045029	0.064199	0.085821	0.080488	0.054714	0.054926	0.060121
0.060232	0.057532	0.053888	0.080049	0.086864	0.063452	0.047030	0.037228	0.081182	0.056277	0.070728	0.079329	0.016755	0.059094	0.081791	0.068568	0.068568	0.081791	0.059094	0.016755	0.079329	0.070728	0.056277	0.081182	0.037228	0.047030	0.063452	0.086864	0.080049	0.053888	0.057532	0.060232
0.062626	0.059253	0.053751	0.081267	0.086621	0.066481	0.044213	0.035629	0.079842	0.055037	0.069765	0.079238	0.016030	0.060820	0.081526	0.067901	0.067901	0.081526	0.060820	0.016030	0.079238	0.069765	0.055037	0.079842	0.035629	0.044213	0.066481	0.086621	0.081267	0.053751	0.059253	0.062626
0.060916	0.057966	0.054587	0.081669	0.085567	0.065322	0.044928	0.035073	0.082315	0.055186	0.070024	0.080372	0.016210	0.058411	0.082268	0.069187	0.069187	0.082268	0.058411	0.016210	0.080372	0.070024	0.055186	0.082315	0.035073	0.044928	0.065322	0.085567	0.081669	0.054587	0.057966	0.060916
0.060714	0.060556	0.055228	0.079980	0.086621	0.065126	0.044928	0.034686	0.081489	0.056531	0.069717	0.079170	0.017110	0.059470	0.080028	0.068647	0.068647	0.080028	0.059470	0.017110	0.079170	0.069717	0.056531	0.081489	0.034686	0.044928	0.065126	0.086621	0.079980	0.055228	0.060556	0.060714
0.059862	0.059147	0.053867	0.081590	0.087606	0.065401	0.044203	0.035904	0.082045	0.054434	0.069405	0.078338	0.016575	0.060105	0.081516	0.070003	0.070003	0.081516	0.060105	0.016575	0.078338	0.069405	0.054434	0.082045	0.035904	0.044203	0.065401	0.087606	0.081590	0.053867	0.059147	0.059862
0.061461	0.060217	0.053798	0.080287	0.087621	0.062097	0.044933	0.036699	0.081849	0.055954	0.069532	0.078915	0.016739	0.058983	0.080658	0.070257	0.070257	0.080658	0.058983	0.016739	0.078915	0.069532	0.055954	0.081849	0.036699	0.044933	0.062097	0.087621	0.080287	0.053798	0.060217	0.061461
0.061509	0.060227	0.055239	0.081643	0.086504	0.063516	0.047015	0.036376	0.081346	0.054561	0.066831	0.079752	0.015511	0.058872	0.080721	0.070379	0.070379	0.080721	0.058872	0.015511	0.079752	0.066831	0.054561	0.081346	0.036376	0.047015	0.063516	0.086504	0.081643	0.055239	0.060227	0.061509
0.061387	0.058241	0.053830	0.082712	0.087854	0.065099	0.046538	0.036471	0.080499	0.055779	0.068033	0.078598	0.016311	0.057950	0.079614	0.071083	0.071083	0.079614	0.057950	0.016311	0.078598	0.068033	0.055779	0.080499	0.036471	0.046538	0.065099	0.087854	0.082712	0.053830	0.058241	0.061387
0.062383	0.059073	0.054868	0.081013	0.087092	0.063818	0.045098	0.036270	0.079832	0.057526	0.068192	0.079646	0.016443	0.059216	0.080446	0.069087	0.069087	0.080446	0.059216	0.016443	0.079646	0.068192	0.057526	0.079832	0.036270	0.045098	0.063818	0.087092	0.081013	0.054868	0.059073	0.062383
0.063929	0.060847	0.053465	0.079424	0.084158	0.065772	0.046019	0.036100	0.081410	0.055879	0.066481	0.078280	0.015935	0.058607	0.082268	0.071427	0.071427	0.082268	0.058607	0.015935	0.078280	0.066481	0.055879	0.081410	0.036100	0.046019	0.065772	0.084158	0.079424	0.053465	0.060847	0.063929
0.063267	0.060826	0.054386	0.082739	0.087685	0.065142	0.047528	0.036307	0.079397	0.056293	0.069013	0.076548	0.015845	0.058300	0.080070	0.066656	0.066656	0.080070	0.058300	0.015845	0.076548	0.069013	0.056293	0.079397	0.036307	0.047528	0.065142	0.087685	0.082739	0.054386	0.060826	0.063267
0.060762	0.059846	0.053327	0.081584	0.086049	0.065327	0.045489	0.037959	0.083242	0.055006	0.067938	0.079201	0.015326	0.059025	0.080335	0.069585	0.069585	0.080335	0.059025	0.015326	0.079201	0.067938	0.055006	0.083242	0.037959	0.045489	0.065327	0.086049	0.081584	0.053327	0.059846	0.060762
0.061249	0.060005	0.055784	0.079869	0.088379	0.063066	0.046136	0.037737	0.080631	0.055752	0.068096	0.077464	0.016369	0.059856	0.080520	0.069087	0.069087	0.080520	0.059856	0.016369	0.077464	0.068096	0.055752	0.080631	0.037737	0.046136	0.063066	0.088379	0.079869	0.055784	0.060005	0.061249
0.061085	0.058310	0.054105	0.081092	0.088469	0.065735	0.045045	0.037276	0.080234	0.054725	0.069050	0.078063	0.016242	0.059454	0.081277	0.069839	0.069839	0.081277	0.059454	0.016242	0.078063	0.069050	0.054725	0.080234	0.037276	0.045045	0.065735	0.088469	0.081092	0.054105	0.058310	0.061085
0.060418	0.057129	0.056255	0.081171	0.087473	0.065189	0.044287	0.035867	0.081023	0.055366	0.069653	0.080276	0.017608	0.059825	0.080059	0.068398	0.068398	0.080059	0.059825	0.017608	0.080276	0.069653	0.055366	0.081023	0.035867	0.044287	0.065189	0.087473	0.081171	0.056255	0.057129	0.060418
0.060042	0.058220	0.054079	0.079779	0.086938	0.062139	0.044647	0.036704	0.081240	0.056552	0.068705	0.080245	0.016983	0.058638	0.083994	0.071094	0.071094	0.083994	0.058638	0.016983	0.080245	0.068705	0.056552	0.081240	0.036704	0.044647	0.062139	0.086938	0.079779	0.054079	0.058220	0.060042
0.061472	0.057876	0.053200	0.083353	0.088882	0.064940	0.045527	0.037244	0.081399	0.055159	0.067938	0.078995	0.015447	0.059475	0.078778	0.070315	0.070315	0.078778	0.059475	0.015447	0.078995	0.067938	0.055159	0.081399	0.037244	0.045527	0.064940	0.088882	0.083353	0.053200	0.057876	0.061472
0.061339	0.058464	0.055541	0.080372	0.088511	0.062700	0.045039	0.035804	0.081028	0.055943	0.068705	0.080456	0.015956	0.060206	0.079863	0.070072	0.070072	0.079863	0.060206	0.015956	0.080456	0.068705	0.055943	0.081028	0.035804	0.045039	0.062700	0.088511	0.080372	0.055541	0.058464	0.061339
0.061016	0.059343	0.053692	0.079689	0.088929	0.064347	0.044605	0.035931	0.080658	0.054757	0.068610	0.078900	0.015866	0.061509	0.082019	0.070130	0.070130	0.082019	0.061509	0.015866	0.078900	0.068610	0.054757	0.080658	0.035931	0.044605	0.064347	0.088929	0.079689	0.053692	0.059343	0.061016
0.060757	0.059226	0.054942	0.078407	0.087886	0.065756	0.044150	0.037334	0.079895	0.055763	0.070024	0.078963	0.016750	0.060190	0.081489	0.068467	0.068467	0.081489	0.060190	0.016750	0.078963	0.070024	0.055763	0.079895	0.037334	0.044150	0.065756	0.087886	0.078407	0.054942	0.059226	0.060757
0.059904	0.059766	0.053872	0.078640	0.086907	0.065427	0.045770	0.036794	0.082612	0.055308	0.069547	0.077290	0.016321	0.059306	0.082432	0.070104	0.070104	0.082432	0.059306	0.016321	0.077290	0.069547	0.055308	0.082612	0.036794	0.045770	0.065427	0.086907	0.078640	0.053872	0.059766	0.059904
0.061726	0.058924	0.053719	0.080949	0.086054	0.066720	0.047915	0.036683	0.080303	0.054614	0.069272	0.075918	0.017237	0.058617	0.081341	0.070008	0.070008	0.081341	0.058617	0.017237	0.075918	0.069272	0.054614	0.080303	0.036683	0.047915	0.066720	0.086054	0.080949	0.053719	0.058924	0.061726
0.061848	0.059465	0.054217	0.081770	0.088204	0.065708	0.044452	0.035851	0.079975	0.054206	0.070411	0.078900	0.015559	0.058554	0.082384	0.068499	0.068499	0.082384	0.058554	0.015559	0.078900	0.070411	0.054206	0.079975	0.035851	0.044452	0.065708	0.088204	0.081770	0.054217	0.059465	0.061848
0.059046	0.057526	0.053195	0.081235	0.089184	0.065364	0.044748	0.036381	0.080721	0.055392	0.069908	0.078915	0.016104	0.059793	0.082156	0.070331	0.070331	0.082156	0.059793	0.016104	0.078915	0.069908	0.055392	0.080721	0.036381	0.044748	0.065364	0.089184	0.081235	0.053195	0.057526	0.059046
0.060434	0.058093	0.052898	0.081505	0.088347	0.064533	0.044801	0.035693	0.079133	0.056690	0.069987	0.080059	0.016713	0.059062	0.082426	0.069627	0.069627	0.082426	0.059062	0.016713	0.080059	0.069987	0.056690	0.079133	0.035693	0.044801	0.064533	0.088347	0.081505	0.052898	0.058093	0.060434
0.058988	0.057616	0.053067	0.081251	0.088908	0.066439	0.043922	0.036704	0.078434	0.053931	0.069473	0.080795	0.016337	0.061286	0.082236	0.070612	0.070612	0.082236	0.061286	0.016337	0.080795	0.069473	0.053931	0.078434	0.036704	0.043922	0.066439	0.088908	0.081251	0.053067	0.057616	0.058988
0.059782	0.059073	0.054651	0.080674	0.086716	0.061376	0.043588	0.036582	0.080266	0.055180	0.069023	0.080769	0.016602	0.059904	0.084375	0.071438	0.071438	0.084375	0.059904	0.016602	0.080769	0.069023	0.055180	0.080266	0.036582	0.043588	0.061376	0.086716	0.080674	0.054651	0.059073	0.059782
0.061281	0.059237	0.054545	0.079911	0.086843	0.066863	0.045399	0.036206	0.079080	0.055991	0.068531	0.078439	0.015347	0.060799	0.081998	0.069532	0.069532	0.081998	0.060799	0.015347	0.078439	0.068531	0.055991	0.079080	0.036206	0.045399	0.066863	0.086843	0.079911	0.054545	0.059237	0.061281
0.060984	0.059200	0.053989	0.081860	0.086017	0.065878	0.045108	0.035687	0.081362	0.055265	0.070220	0.076596	0.016019	0.058723	0.083136	0.069955	0.069955	0.083136	0.058723	0.016019	0.076596	0.070220	0.055265	0.081362	0.035687	0.045108	0.065878	0.086017	0.081860	0.053989	0.059200	0.060984
0.060481	0.059539	0.054752	0.079043	0.087696	0.066942	0.045061	0.037186	0.079281	0.055673	0.070352	0.075675	0.016591	0.061318	0.082585	0.067826	0.067826	0.082585	0.061318	0.016591	0.075675	0.070352	0.055673	0.079281	0.037186	0.045061	0.066942	0.087696	0.079043	0.054752	0.059539	0.060481
0.059009	0.060026	0.052316	0.079318	0.087325	0.067450	0.046125	0.036063	0.082130	0.053962	0.070305	0.077253	0.016268	0.059602	0.084661	0.068187	0.068187	0.084661	0.059602	0.016268	0.077253	0.070305	0.053962	0.082130	0.036063	0.046125	0.067450	0.087325	0.079318	0.052316	0.060026	0.059009
0.059586	0.060672	0.054985	0.081468	0.086128	0.067117	0.044690	0.035518	0.081722	0.054127	0.069097	0.078418	0.014912	0.058390	0.083941	0.069230	0.069230	0.083941	0.058390	0.014912	0.078418	0.069097	0.054127	0.081722	0.035518	0.044690	0.067117	0.086128	0.081468	0.054985	0.060672	0.059586
0.060720	0.061053	0.052628	0.080245	0.088416	0.065512	0.044293	0.036619	0.079969	0.054614	0.070035	0.077777	0.016083	0.060333	0.083501	0.068202	0.068202	0.083501	0.060333	0.016083	0.077777	0.070035	0.054614	0.079969	0.036619	0.044293	0.065512	0.088416	0.080245	0.052628	0.061053	0.060720
0.062388	0.059888	0.050854	0.080525	0.086462	0.065242	0.045807	0.037805	0.080456	0.055615	0.068631	0.078232	0.016104	0.060105	0.083316	0.068568	0.068568	0.083316	0.060105	0.016104	0.078232	0.068631	0.055615	0.080456	0.037805	0.045807	0.065242	0.086462	0.080525	0.050854	0.059888	0.062388
0.061339	0.060158	0.054005	0.080780	0.088564	0.067212	0.045309	0.036476	0.077327	0.053470	0.069690	0.079985	0.016215	0.059618	0.081600	0.068250	0.068250	0.081600	0.059618	0.016215	0.079985	0.069690	0.053470	0.077327	0.036476	0.045309	0.067212	0.088564	0.080780	0.054005	0.060158	0.061339
0.058400	0.058268	0.053878	0.081770	0.087007	0.064157	0.044107	0.036344	0.081674	0.054651	0.070961	0.079381	0.016416	0.060545	0.081473	0.070967	0.070967	0.081473	0.060545	0.016416	0.079381	0.070961	0.054651	0.081674	0.036344	0.044107	0.064157	0.087007	0.081770	0.053878	0.058268	0.058400
0.059751	0.059904	0.054137	0.079832	0.088310	0.066089	0.045188	0.032674	0.080674	0.054789	0.070051	0.077046	0.016454	0.062711	0.082363	0.070029	0.070029	0.082363	0.062711	0.016454	0.077046	0.070051	0.054789	0.080674	0.032674	0.045188	0.066089	0.088310	0.079832	0.054137	0.059904	0.059751
0.058236	0.061255	0.053512	0.080679	0.089014	0.064808	0.042365	0.035502	0.081023	0.052787	0.071147	0.080848	0.016888	0.060624	0.083930	0.067382	0.067382	0.083930	0.060624	0.016888	0.080848	0.071147	0.052787	0.081023	0.035502	0.042365	0.064808	0.089014	0.080679	0.053512	0.061255	0.058236
0.060397	0.058496	0.053671	0.082734	0.085456	0.065396	0.042619	0.033712	0.080811	0.055493	0.070718	0.080509	0.017243	0.062282	0.081320	0.069145	0.069145	0.081320	0.062282	0.017243	0.080509	0.070718	0.055493	0.080811	0.033712	0.042619	0.065396	0.085456	0.082734	0.053671	0.058496	0.060397
0.058231	0.057654	0.053904	0.080922	0.087245	0.065459	0.044685	0.033892	0.082485	0.054391	0.070665	0.080917	0.016469	0.061281	0.082448	0.069352	0.069352	0.082448	0.061281	0.016469	0.080917	0.070665	0.054391	0.082485	0.033892	0.044685	0.065459	0.087245	0.080922	0.053904	0.057654	0.058231
0.058755	0.057489	0.053306	0.082066	0.088347	0.065512	0.043551	0.034109	0.081230	0.055646	0.070135	0.081044	0.017359	0.060238	0.082585	0.068626	0.068626	0.082585	0.060238	0.017359	0.081044	0.070135	0.055646	0.081230	0.034109	0.043551	0.065512	0.088347	0.082066	0.053306	0.057489	0.058755
0.058691	0.057219	0.054021	0.082252	0.087659	0.064988	0.042349	0.034813	0.080388	0.055297	0.070130	0.081987	0.016660	0.061964	0.082013	0.069569	0.069569	0.082013	0.061964	0.016660	0.081987	0.070130	0.055297	0.080388	0.034813	0.042349	0.064988	0.087659	0.082252	0.054021	0.057219	0.058691
0.059036	0.057924	0.053549	0.079466	0.085609	0.065014	0.045267	0.034475	0.079493	0.058125	0.071814	0.080817	0.016602	0.061832	0.083194	0.067784	0.067784	0.083194	0.061832	0.016602	0.080817	0.071814	0.058125	0.079493	0.034475	0.045267	0.065014	0.085609	0.079466	0.053549	0.057924	0.059036
0.058638	0.060211	0.052263	0.082389	0.087155	0.067180	0.042730	0.034729	0.078730	0.053814	0.074600	0.080647	0.016125	0.059465	0.082755	0.068568	0.068568	0.082755	0.059465	0.016125	0.080647	0.074600	0.053814	0.078730	0.034729	0.042730	0.067180	0.087155	0.082389	0.052263	0.060211	0.058638
0.060471	0.059126	0.053306	0.080758	0.085265	0.065253	0.041624	0.034374	0.081341	0.054534	0.072481	0.080843	0.016957	0.062192	0.082728	0.068748	0.068748	0.082728	0.062192	0.016957	0.080843	0.072481	0.054534	0.081341	0.034374	0.041624	0.065253	0.085265	0.080758	0.053306	0.059126	0.060471
0.059968	0.058321	0.054301	0.079731	0.086223	0.065809	0.044441	0.034152	0.082008	0.053751	0.072216	0.078465	0.016491	0.061853	0.082516	0.069754	0.069754	0.082516	0.061853	0.016491	0.078465	0.072216	0.053751	0.082008	0.034152	0.044441	0.065809	0.086223	0.079731	0.054301	0.058321	0.059968
0.059210	0.058586	0.054418	0.081171	0.088659	0.064628	0.043594	0.034644	0.081431	0.054381	0.070818	0.081129	0.017634	0.058755	0.084296	0.066645	0.066645	0.084296	0.058755	0.017634	0.081129	0.070818	0.054381	0.081431	0.034644	0.043594	0.064628	0.088659	0.081171	0.054418	0.058586	0.059210
0.059242	0.058930	0.051823	0.081653	0.087155	0.065136	0.043710	0.035136	0.079419	0.054863	0.068748	0.082998	0.016994	0.060285	0.083459	0.070448	0.070448	0.083459	0.060285	0.016994	0.082998	0.068748	0.054863	0.079419	0.035136	0.043710	0.065136	0.087155	0.081653	0.051823	0.058930	0.059242
0.058353	0.059608	0.054068	0.082935	0.087563	0.065263	0.044261	0.033156	0.077263	0.055143	0.069908	0.081208	0.016401	0.062065	0.082421	0.070384	0.070384	0.082421	0.062065	0.016401	0.081208	0.069908	0.055143	0.077263	0.033156	0.044261	0.065263	0.087563	0.082935	0.054068	0.059608	0.058353
0.057092	0.062404	0.052014	0.081256	0.087102	0.064702	0.042948	0.033071	0.079652	0.056398	0.071083	0.081749	0.017311	0.061774	0.083258	0.068187	0.068187	0.083258	0.061774	0.017311	0.081749	0.071083	0.056398	0.079652	0.033071	0.042948	0.064702	0.087102	0.081256	0.052014	0.062404	0.057092
0.055530	0.060799	0.052760	0.083157	0.086594	0.066481	0.043117	0.034570	0.078126	0.055276	0.073938	0.080605	0.016152	0.060921	0.081357	0.070617	0.070617	0.081357	0.060921	0.016152	0.080605	0.073938	0.055276	0.078126	0.034570	0.043117	0.066481	0.086594	0.083157	0.052760	0.060799	0.055530
0.058045	0.059899	0.050896	0.080885	0.085302	0.065645	0.044600	0.034120	0.079990	0.056287	0.072735	0.080133	0.017587	0.061784	0.083787	0.068303	0.068303	0.083787	0.061784	0.017587	0.080133	0.072735	0.056287	0.079990	0.034120	0.044600	0.065645	0.085302	0.080885	0.050896	0.059899	0.058045
0.060174	0.059777	0.052840	0.084042	0.084942	0.065014	0.042503	0.035740	0.079614	0.054587	0.071968	0.081161	0.016962	0.061149	0.082516	0.067011	0.067011	0.082516	0.061149	0.016962	0.081161	0.071968	0.054587	0.079614	0.035740	0.042503	0.065014	0.084942	0.084042	0.052840	0.059777	0.060174
0.060937	0.058506	0.052104	0.080049	0.086186	0.065073	0.043313	0.035756	0.080652	0.055376	0.069643	0.083825	0.017253	0.060863	0.083422	0.067043	0.067043	0.083422	0.060863	0.017253	0.083825	0.069643	0.055376	0.080652	0.035756	0.043313	0.065073	0.086186	0.080049	0.052104	0.058506	0.060937
0.059920	0.060503	0.053602	0.081791	0.086663	0.063908	0.044203	0.034416	0.079471	0.056420	0.069113	0.081584	0.016183	0.059470	0.082914	0.069839	0.069839	0.082914	0.059470	0.016183	0.081584	0.069113	0.056420	0.079471	0.034416	0.044203	0.063908	0.086663	0.081791	0.053602	0.060503	0.059920
0.060566	0.060751	0.051495	0.082564	0.087516	0.065475	0.044070	0.035248	0.078704	0.055673	0.068933	0.080870	0.016284	0.060979	0.082172	0.068700	0.068700	0.082172	0.060979	0.016284	0.080870	0.068933	0.055673	0.078704	0.035248	0.044070	0.065475	0.087516	0.082564	0.051495	0.060751	0.060566
0.059978	0.061090	0.052893	0.082490	0.086366	0.062886	0.043980	0.036201	0.077925	0.054889	0.069765	0.081314	0.017063	0.061069	0.082130	0.069961	0.069961	0.082130	0.061069	0.017063	0.081314	0.069765	0.054889	0.077925	0.036201	0.043980	0.062886	0.086366	0.082490	0.052893	0.061090	0.059978
0.061943	0.061133	0.052480	0.080218	0.083862	0.065274	0.045781	0.035465	0.079911	0.055736	0.069352	0.081034	0.016713	0.061239	0.080637	0.069224	0.069224	0.080637	0.061239	0.016713	0.081034	0.069352	0.055736	0.079911	0.035465	0.045781	0.065274	0.083862	0.080218	0.052480	0.061133	0.061943
0.061943	0.062383	0.054058	0.080785	0.085350	0.064744	0.045193	0.035375	0.079127	0.053586	0.069855	0.079212	0.016088	0.061509	0.083274	0.067519	0.067519	0.083274	0.061509	0.016088	0.079212	0.069855	0.053586	0.079127	0.035375	0.045193	0.064744	0.085350	0.080785	0.054058	0.062383	0.061943
0.059555	0.060958	0.053581	0.081659	0.085360	0.066026	0.045468	0.035793	0.078661	0.055567	0.070199	0.078820	0.016792	0.059285	0.084513	0.067763	0.067763	0.084513	0.059285	0.016792	0.078820	0.070199	0.055567	0.078661	0.035793	0.045468	0.066026	0.085360	0.081659	0.053581	0.060958	0.059555
0.061069	0.063082	0.052882	0.080832	0.083152	0.065978	0.044669	0.036614	0.079207	0.054180	0.069076	0.079795	0.016920	0.059872	0.083888	0.068785	0.068785	0.083888	0.059872	0.016920	0.079795	0.069076	0.054180	0.079207	0.036614	0.044669	0.065978	0.083152	0.080832	0.052882	0.063082	0.061069
0.060513	0.062679	0.054598	0.079694	0.084990	0.066926	0.045574	0.036519	0.078460	0.056462	0.070665	0.079111	0.015929	0.057738	0.082755	0.067387	0.067387	0.082755	0.057738	0.015929	0.079111	0.070665	0.056462	0.078460	0.036519	0.045574	0.066926	0.084990	0.079694	0.054598	0.062679	0.060513
0.061726	0.063542	0.053311	0.080239	0.083899	0.066476	0.043943	0.037212	0.078862	0.055408	0.071210	0.078190	0.016644	0.058543	0.083210	0.067583	0.067583	0.083210	0.058543	0.016644	0.078190	0.071210	0.055408	0.078862	0.037212	0.043943	0.066476	0.083899	0.080239	0.053311	0.063542	0.061726
0.063209	0.063982	0.052368	0.079260	0.083417	0.066206	0.046390	0.036656	0.078963	0.056732	0.069050	0.077523	0.017010	0.057786	0.084518	0.066931	0.066931	0.084518	0.057786	0.017010	0.077523	0.069050	0.056732	0.078963	0.036656	0.046390	0.066206	0.083417	0.079260	0.052368	0.063982	0.063209
0.062012	0.065094	0.052787	0.082855	0.084153	0.066248	0.046808	0.037424	0.077682	0.056181	0.068176	0.076660	0.015405	0.058183	0.084148	0.066185	0.066185	0.084148	0.058183	0.015405	0.076660	0.068176	0.056181	0.077682	0.037424	0.046808	0.066248	0.084153	0.082855	0.052787	0.065094	0.062012
0.061022	0.066503	0.052919	0.083168	0.083136	0.066047	0.046226	0.036513	0.078089	0.055048	0.067482	0.079466	0.015177	0.056414	0.084645	0.068144	0.068144	0.084645	0.056414	0.015177	0.079466	0.067482	0.055048	0.078089	0.036513	0.046226	0.066047	0.083136	0.083168	0.052919	0.066503	0.061022
0.063225	0.065470	0.051172	0.081563	0.083501	0.067011	0.045871	0.038377	0.077618	0.056976	0.067011	0.078497	0.016194	0.058485	0.082040	0.066990	0.066990	0.082040	0.058485	0.016194	0.078497	0.067011	0.056976	0.077618	0.038377	0.045871	0.067011	0.083501	0.081563	0.051172	0.065470	0.063225
0.064199	0.064257	0.054143	0.081092	0.083438	0.066291	0.044430	0.038716	0.077067	0.055122	0.068096	0.077745	0.015733	0.058496	0.082781	0.068393	0.068393	0.082781	0.058496	0.015733	0.077745	0.068096	0.055122	0.077067	0.038716	0.044430	0.066291	0.083438	0.081092	0.054143	0.064257	0.064199
0.064199	0.063352	0.052395	0.082146	0.085614	0.065502	0.046167	0.035592	0.077189	0.052273	0.070040	0.077512	0.016644	0.058866	0.083152	0.069357	0.069357	0.083152	0.058866	0.016644	0.077512	0.070040	0.052273	0.077189	0.035592	0.046167	0.065502	0.085614	0.082146	0.052395	0.063352	0.064199
0.062192	0.064533	0.052623	0.079482	0.084312	0.064342	0.047211	0.036587	0.078688	0.054587	0.067768	0.077380	0.016189	0.059496	0.084158	0.070453	0.070453	0.084158	0.059496	0.016189	0.077380	0.067768	0.054587	0.078688	0.036587	0.047211	0.064342	0.084312	0.079482	0.052623	0.064533	0.062192
0.064368	0.064808	0.052787	0.082548	0.084359	0.065454	0.046406	0.037678	0.077062	0.053576	0.068404	0.076575	0.015590	0.058580	0.083173	0.068631	0.068631	0.083173	0.058580	0.015590	0.076575	0.068404	0.053576	0.077062	0.037678	0.046406	0.065454	0.084359	0.082548	0.052787	0.064808	0.064368
0.062769	0.063426	0.053613	0.079795	0.084428	0.064840	0.046930	0.039903	0.078211	0.057691	0.067525	0.074885	0.015490	0.056737	0.083999	0.069759	0.069759	0.083999	0.056737	0.015490	0.074885	0.067525	0.057691	0.078211	0.039903	0.046930	0.064840	0.084428	0.079795	0.053613	0.063426	0.062769
0.065067	0.065412	0.052464	0.080319	0.085810	0.067615	0.047301	0.038700	0.077343	0.055800	0.067535	0.075389	0.015209	0.057172	0.082628	0.066238	0.066238	0.082628	0.057172	0.015209	0.075389	0.067535	0.055800	0.077343	0.038700	0.047301	0.067615	0.085810	0.080319	0.052464	0.065412	0.065067
0.063256	0.065841	0.053020	0.081775	0.083110	0.065385	0.047963	0.038139	0.078063	0.054137	0.066397	0.076712	0.016528	0.058082	0.083798	0.067795	0.067795	0.083798	0.058082	0.016528	0.076712	0.066397	0.054137	0.078063	0.038139	0.047963	0.065385	0.083110	0.081775	0.053020	0.065841	0.063256
0.064744	0.064384	0.051463	0.080758	0.083798	0.066328	0.047248	0.040268	0.078894	0.054831	0.066497	0.078349	0.015638	0.057871	0.081855	0.067074	0.067074	0.081855	0.057871	0.015638	0.078349	0.066497	0.054831	0.078894	0.040268	0.047248	0.066328	0.083798	0.080758	0.051463	0.064384	0.064744
0.067085	0.065152	0.052511	0.077761	0.082760	0.065364	0.048624	0.040040	0.077618	0.055943	0.066503	0.074059	0.014981	0.059247	0.083057	0.069293	0.069293	0.083057	0.059247	0.014981	0.074059	0.066503	0.055943	0.077618	0.040040	0.048624	0.065364	0.082760	0.077761	0.052511	0.065152	0.067085
0.064824	0.066127	0.053947	0.080266	0.086938	0.066465	0.048328	0.039918	0.078142	0.054826	0.068345	0.072201	0.015500	0.055980	0.081637	0.066555	0.066555	0.081637	0.055980	0.015500	0.072201	0.068345	0.054826	0.078142	0.039918	0.048328	0.066465	0.086938	0.080266	0.053947	0.066127	0.064824
0.066333	0.065766	0.052406	0.080626	0.083486	0.065194	0.047205	0.039325	0.080525	0.055355	0.065809	0.076141	0.015469	0.055149	0.082935	0.068239	0.068239	0.082935	0.055149	0.015469	0.076141	0.065809	0.055355	0.080525	0.039325	0.047205	0.065194	0.083486	0.080626	0.052406	0.065766	0.066333
0.066513	0.066238	0.054836	0.079524	0.084841	0.065422	0.048233	0.040077	0.077332	0.055419	0.064776	0.076972	0.014537	0.056086	0.081913	0.067239	0.067239	0.081913	0.056086	0.014537	0.076972	0.064776	0.055419	0.077332	0.040077	0.048233	0.065422	0.084841	0.079524	0.054836	0.066238	0.066513
0.065946	0.064766	0.053142	0.080652	0.083533	0.067307	0.048529	0.039076	0.076824	0.054021	0.066656	0.076178	0.015876	0.056880	0.081765	0.068796	0.068796	0.081765	0.056880	0.015876	0.076178	0.066656	0.054021	0.076824	0.039076	0.048529	0.067307	0.083533	0.080652	0.053142	0.064766	0.065946
0.066397	0.065735	0.052337	0.079996	0.083210	0.064019	0.048699	0.039331	0.078365	0.055212	0.068451	0.073800	0.014526	0.058088	0.082644	0.069140	0.069140	0.082644	0.058088	0.014526	0.073800	0.068451	0.055212	0.078365	0.039331	0.048699	0.064019	0.083210	0.079996	0.052337	0.065735	0.066397
0.067646	0.067191	0.052872	0.079752	0.083766	0.065560	0.048947	0.039770	0.077274	0.054900	0.066322	0.074885	0.015066	0.056144	0.084232	0.065602	0.065602	0.084232	0.056144	0.015066	0.074885	0.066322	0.054900	0.077274	0.039770	0.048947	0.065560	0.083766	0.079752	0.052872	0.067191	0.067646
0.065221	0.067043	0.052443	0.081923	0.084036	0.066487	0.048593	0.039818	0.077189	0.056864	0.066889	0.075044	0.014849	0.054704	0.081971	0.066857	0.066857	0.081971	0.054704	0.014849	0.075044	0.066889	0.056864	0.077189	0.039818	0.048593	0.066487	0.084036	0.081923	0.052443	0.067043	0.065221
0.066709	0.066910	0.051897	0.079742	0.081844	0.067064	0.048635	0.040739	0.077316	0.055541	0.065692	0.074276	0.015357	0.056849	0.082156	0.069187	0.069187	0.082156	0.056849	0.015357	0.074276	0.065692	0.055541	0.077316	0.040739	0.048635	0.067064	0.081844	0.079742	0.051897	0.066910	0.066709
0.067519	0.067773	0.053295	0.079980	0.082675	0.064628	0.050462	0.040829	0.076998	0.055657	0.065083	0.072084	0.015527	0.055329	0.083846	0.068149	0.068149	0.083846	0.055329	0.015527	0.072084	0.065083	0.055657	0.076998	0.040829	0.050462	0.064628	0.082675	0.079980	0.053295	0.067773	0.067519
0.066905	0.069224	0.054116	0.079360	0.084126	0.066667	0.048349	0.042487	0.076225	0.054291	0.064352	0.073869	0.015193	0.055006	0.082543	0.067069	0.067069	0.082543	0.055006	0.015193	0.073869	0.064352	0.054291	0.076225	0.042487	0.048349	0.066667	0.084126	0.079360	0.054116	0.069224	0.066905
0.068753	0.068531	0.051489	0.079122	0.082866	0.065602	0.049578	0.041136	0.077888	0.055281	0.063600	0.073577	0.014955	0.054121	0.083602	0.069569	0.069569	0.083602	0.054121	0.014955	0.073577	0.063600	0.055281	0.077888	0.041136	0.049578	0.065602	0.082866	0.079122	0.051489	0.068531	0.068753
0.068075	0.070961	0.054661	0.078810	0.082326	0.065968	0.052284	0.041205	0.075701	0.054312	0.063023	0.072825	0.014886	0.055318	0.081108	0.068065	0.068065	0.081108	0.055318	0.014886	0.072825	0.063023	0.054312	0.075701	0.041205	0.052284	0.065968	0.082326	0.078810	0.054661	0.070961	0.068075
0.067795	0.069283	0.053041	0.079148	0.081876	0.067037	0.050335	0.043043	0.078068	0.055588	0.063638	0.071258	0.015786	0.054963	0.081457	0.067037	0.067037	0.081457	0.054963	0.015786	0.071258	0.063638	0.055588	0.078068	0.043043	0.050335	0.067037	0.081876	0.079148	0.053041	0.069283	0.067795
0.069447	0.070750	0.053184	0.079577	0.082739	0.064781	0.050568	0.041555	0.076527	0.054741	0.064861	0.073599	0.014770	0.054714	0.082458	0.064993	0.064993	0.082458	0.054714	0.014770	0.073599	0.064861	0.054741	0.076527	0.041555	0.050568	0.064781	0.082739	0.079577	0.053184	0.070750	0.069447
0.068144	0.071613	0.052363	0.078201	0.081685	0.067111	0.050330	0.041592	0.076633	0.055419	0.064225	0.073064	0.014235	0.055498	0.082416	0.066704	0.066704	0.082416	0.055498	0.014235	0.073064	0.064225	0.055419	0.076633	0.041592	0.050330	0.067111	0.081685	0.078201	0.052363	0.071613	0.068144
0.067699	0.069214	0.052533	0.080287	0.081913	0.068287	0.050928	0.041952	0.076236	0.055774	0.064660	0.071205	0.014706	0.055535	0.083581	0.064670	0.064670	0.083581	0.055535	0.014706	0.071205	0.064660	0.055774	0.076236	0.041952	0.050928	0.068287	0.081913	0.080287	0.052533	0.069214	0.067699
0.067482	0.071544	0.053152	0.080192	0.079662	0.065269	0.050261	0.042492	0.079127	0.055736	0.064792	0.072068	0.015114	0.054820	0.081976	0.065486	0.065486	0.081976	0.054820	0.015114	0.072068	0.064792	0.055736	0.079127	0.042492	0.050261	0.065269	0.079662	0.080192	0.053152	0.071544	0.067482
0.068303	0.070501	0.052596	0.078979	0.082914	0.065856	0.050774	0.044176	0.076882	0.055260	0.063839	0.070914	0.015500	0.054291	0.081807	0.066566	0.066566	0.081807	0.054291	0.015500	0.070914	0.063839	0.055260	0.076882	0.044176	0.050774	0.065856	0.082914	0.078979	0.052596	0.070501	0.068303
0.068112	0.070003	0.053825	0.079673	0.082199	0.065126	0.051791	0.043535	0.076765	0.055318	0.064358	0.071639	0.013440	0.055980	0.082019	0.065364	0.065364	0.082019	0.055980	0.013440	0.071639	0.064358	0.055318	0.076765	0.043535	0.051791	0.065126	0.082199	0.079673	0.053825	0.070003	0.068112
0.067657	0.070469	0.053650	0.079180	0.081362	0.066179	0.051108	0.043292	0.078577	0.056022	0.063839	0.069659	0.014478	0.054164	0.082395	0.067101	0.067101	0.082395	0.054164	0.014478	0.069659	0.063839	0.056022	0.078577	0.043292	0.051108	0.066179	0.081362	0.079180	0.053650	0.070469	0.067657
0.070146	0.069262	0.053512	0.079620	0.080573	0.067069	0.052395	0.044044	0.075293	0.055223	0.064008	0.069500	0.014415	0.054450	0.084116	0.065486	0.065486	0.084116	0.054450	0.014415	0.069500	0.064008	0.055223	0.075293	0.044044	0.052395	0.067069	0.080573	0.079620	0.053512	0.069262	0.070146
0.067895	0.071793	0.053761	0.079609	0.082368	0.066450	0.050886	0.043128	0.078169	0.055419	0.064400	0.070093	0.015288	0.053872	0.081177	0.064718	0.064718	0.081177	0.053872	0.015288	0.070093	0.064400	0.055419	0.078169	0.043128	0.050886	0.066450	0.082368	0.079609	0.053761	0.071793	0.067895
0.068653	0.069908	0.052501	0.079138	0.082061	0.067143	0.050695	0.043085	0.076866	0.056081	0.063563	0.069537	0.015458	0.055731	0.082596	0.066005	0.066005	0.082596	0.055731	0.015458	0.069537	0.063563	0.056081	0.076866	0.043085	0.050695	0.067143	0.082061	0.079138	0.052501	0.069908	0.068653
0.067922	0.071168	0.053396	0.078852	0.080769	0.064702	0.052511	0.044547	0.077009	0.055917	0.064893	0.070686	0.014950	0.054174	0.082088	0.065412	0.065412	0.082088	0.054174	0.014950	0.070686	0.064893	0.055917	0.077009	0.044547	0.052511	0.064702	0.080769	0.078852	0.053396	0.071168	0.067922
0.068827	0.072868	0.053894	0.079620	0.081023	0.065465	0.051145	0.043705	0.075971	0.055668	0.065682	0.069982	0.014261	0.053629	0.081251	0.065968	0.065968	0.081251	0.053629	0.014261	0.069982	0.065682	0.055668	0.075971	0.043705	0.051145	0.065465	0.081023	0.079620	0.053894	0.072868	0.068827
0.069060	0.071062	0.053549	0.079657	0.080637	0.065872	0.051209	0.044324	0.077692	0.057166	0.063251	0.068912	0.014971	0.051685	0.082749	0.067122	0.067122	0.082749	0.051685	0.014971	0.068912	0.063251	0.057166	0.077692	0.044324	0.051209	0.065872	0.080637	0.079657	0.053549	0.071062	0.069060
0.070400	0.072608	0.051230	0.078645	0.083136	0.067503	0.053433	0.043429	0.076019	0.054508	0.063918	0.070829	0.014409	0.053851	0.080012	0.064935	0.064935	0.080012	0.053851	0.014409	0.070829	0.063918	0.054508	0.076019	0.043429	0.053433	0.067503	0.083136	0.078645	0.051230	0.072608	0.070400
0.068615	0.069987	0.051881	0.079461	0.082728	0.067217	0.051542	0.043890	0.077946	0.057034	0.064061	0.069685	0.015114	0.053560	0.079381	0.066736	0.066736	0.079381	0.053560	0.015114	0.069685	0.064061	0.057034	0.077946	0.043890	0.051542	0.067217	0.082728	0.079461	0.051881	0.069987	0.068615
0.072026	0.071475	0.052702	0.076559	0.081320	0.065539	0.051119	0.044372	0.077136	0.055562	0.064750	0.071025	0.014452	0.054693	0.080382	0.065708	0.065708	0.080382	0.054693	0.014452	0.071025	0.064750	0.055562	0.077136	0.044372	0.051119	0.065539	0.081320	0.076559	0.052702	0.071475	0.072026
0.070321	0.072788	0.054190	0.077883	0.081177	0.064480	0.053555	0.043371	0.075087	0.055239	0.065322	0.069669	0.014791	0.052834	0.082474	0.065602	0.065602	0.082474	0.052834	0.014791	0.069669	0.065322	0.055239	0.075087	0.043371	0.053555	0.064480	0.081177	0.077883	0.054190	0.072788	0.070321
0.068653	0.071374	0.053724	0.080801	0.080292	0.067276	0.051701	0.044605	0.076517	0.054481	0.062960	0.071036	0.014907	0.053004	0.082442	0.064993	0.064993	0.082442	0.053004	0.014907	0.071036	0.062960	0.054481	0.076517	0.044605	0.051701	0.067276	0.080292	0.080801	0.053724	0.071374	0.068653
0.068970	0.070119	0.053311	0.080875	0.080811	0.064983	0.051648	0.044017	0.077735	0.054211	0.064776	0.070813	0.014770	0.054317	0.079683	0.067683	0.067683	0.079683	0.054317	0.014770	0.070813	0.064776	0.054211	0.077735	0.044017	0.051648	0.064983	0.080811	0.080875	0.053311	0.070119	0.068970
0.070691	0.070162	0.054074	0.076834	0.081616	0.064310	0.052024	0.044340	0.078280	0.056351	0.062552	0.069616	0.014277	0.054741	0.082278	0.066561	0.066561	0.082278	0.054741	0.014277	0.069616	0.062552	0.056351	0.078280	0.044340	0.052024	0.064310	0.081616	0.076834	0.054074	0.070162	0.070691
0.070564	0.069844	0.054402	0.081415	0.079620	0.065602	0.055281	0.043948	0.076363	0.055567	0.063103	0.068653	0.014743	0.053242	0.081457	0.064882	0.064882	0.081457	0.053242	0.014743	0.068653	0.063103	0.055567	0.076363	0.043948	0.055281	0.065602	0.079620	0.081415	0.054402	0.069844	0.070564
0.071141	0.071412	0.052077	0.080033	0.080282	0.066301	0.052241	0.044399	0.078354	0.054804	0.062367	0.068187	0.015384	0.054333	0.080245	0.067080	0.067080	0.080245	0.054333	0.015384	0.068187	0.062367	0.054804	0.078354	0.044399	0.052241	0.066301	0.080282	0.080033	0.052077	0.071412	0.071141
0.073090	0.071904	0.053131	0.078280	0.080933	0.064511	0.053809	0.044007	0.073858	0.056086	0.063590	0.069203	0.015389	0.052766	0.082241	0.065803	0.065803	0.082241	0.052766	0.015389	0.069203	0.063590	0.056086	0.073858	0.044007	0.053809	0.064511	0.080933	0.078280	0.053131	0.071904	0.073090
0.071623	0.072428	0.053772	0.080494	0.079652	0.066677	0.051701	0.044441	0.076607	0.056420	0.063336	0.069066	0.014409	0.052660	0.079630	0.065650	0.065650	0.079630	0.052660	0.014409	0.069066	0.063336	0.056420	0.076607	0.044441	0.051701	0.066677	0.079652	0.080494	0.053772	0.072428	0.071623
0.071528	0.071480	0.051452	0.079159	0.082612	0.065480	0.052729	0.044049	0.079159	0.054778	0.062631	0.070607	0.014245	0.053830	0.080382	0.064405	0.064405	0.080382	0.053830	0.014245	0.070607	0.062631	0.054778	0.079159	0.044049	0.052729	0.065480	0.082612	0.079159	0.051452	0.071480	0.071528
0.071094	0.074160	0.053952	0.077316	0.080398	0.064204	0.053698	0.043684	0.075982	0.055345	0.062589	0.070262	0.014325	0.053978	0.080499	0.067032	0.067032	0.080499	0.053978	0.014325	0.070262	0.062589	0.055345	0.075982	0.043684	0.053698	0.064204	0.080398	0.077316	0.053952	0.074160	0.071094
0.072709	0.072317	0.052390	0.078598	0.080525	0.067286	0.052157	0.045474	0.075685	0.056594	0.062737	0.066688	0.015299	0.052591	0.081002	0.066418	0.066418	0.081002	0.052591	0.015299	0.066688	0.062737	0.056594	0.075685	0.045474	0.052157	0.067286	0.080525	0.078598	0.052390	0.072317	0.072709
0.071359	0.071999	0.052231	0.080727	0.082146	0.065004	0.054540	0.044324	0.075309	0.054577	0.063669	0.069489	0.014102	0.051511	0.081907	0.065533	0.065533	0.081907	0.051511	0.014102	0.069489	0.063669	0.054577	0.075309	0.044324	0.054540	0.065004	0.082146	0.080727	0.052231	0.071999	0.071359
0.072820	0.072381	0.051431	0.079403	0.077814	0.065115	0.054450	0.046104	0.076522	0.055297	0.062780	0.070967	0.013446	0.054413	0.079652	0.065761	0.065761	0.079652	0.054413	0.013446	0.070967	0.062780	0.055297	0.076522	0.046104	0.054450	0.065115	0.077814	0.079403	0.051431	0.072381	0.072820
0.072667	0.070961	0.052088	0.079381	0.083205	0.065555	0.053232	0.045871	0.075166	0.055096	0.063653	0.069262	0.014568	0.052236	0.080351	0.065020	0.065020	0.080351	0.052236	0.014568	0.069262	0.063653	0.055096	0.075166	0.045871	0.053232	0.065555	0.083205	0.079381	0.052088	0.070961	0.072667
0.072328	0.072084	0.052379	0.079540	0.079826	0.063855	0.054185	0.044134	0.076209	0.056510	0.062706	0.069336	0.014468	0.052247	0.080144	0.068324	0.068324	0.080144	0.052247	0.014468	0.069336	0.062706	0.056510	0.076209	0.044134	0.054185	0.063855	0.079826	0.079540	0.052379	0.072084	0.072328
0.072942	0.072285	0.053089	0.080133	0.081293	0.065613	0.053645	0.044865	0.074467	0.054015	0.062758	0.068107	0.014468	0.054556	0.079477	0.066481	0.066481	0.079477	0.054556	0.014468	0.068107	0.062758	0.054015	0.074467	0.044865	0.053645	0.065613	0.081293	0.080133	0.053089	0.072285	0.072942
0.072476	0.072788	0.053555	0.077729	0.080488	0.064093	0.052236	0.044785	0.076845	0.054333	0.063749	0.069510	0.014727	0.053751	0.080674	0.066391	0.066391	0.080674	0.053751	0.014727	0.069510	0.063749	0.054333	0.076845	0.044785	0.052236	0.064093	0.080488	0.077729	0.053555	0.072788	0.072476
0.072508	0.073800	0.053142	0.076575	0.080308	0.066021	0.054524	0.043615	0.074838	0.054323	0.063320	0.069902	0.015077	0.052845	0.081902	0.065375	0.065375	0.081902	0.052845	0.015077	0.069902	0.063320	0.054323	0.074838	0.043615	0.054524	0.066021	0.080308	0.076575	0.053142	0.073800	0.072508
0.071999	0.074626	0.052649	0.078566	0.078492	0.064273	0.053184	0.047078	0.076697	0.055255	0.062420	0.068314	0.015770	0.054338	0.080425	0.063950	0.063950	0.080425	0.054338	0.015770	0.068314	0.062420	0.055255	0.076697	0.047078	0.053184	0.064273	0.078492	0.078566	0.052649	0.074626	0.071999
0.073027	0.074478	0.052596	0.077645	0.081134	0.066079	0.052956	0.045256	0.076702	0.055451	0.063436	0.067540	0.014642	0.051913	0.078878	0.066222	0.066222	0.078878	0.051913	0.014642	0.067540	0.063436	0.055451	0.076702	0.045256	0.052956	0.066079	0.081134	0.077645	0.052596	0.074478	0.073027
0.073466	0.074435	0.053830	0.077724	0.080303	0.064988	0.053571	0.044610	0.075314	0.054233	0.062997	0.068748	0.014992	0.052162	0.080668	0.065809	0.065809	0.080668	0.052162	0.014992	0.068748	0.062997	0.054233	0.075314	0.044610	0.053571	0.064988	0.080303	0.077724	0.053830	0.074435	0.073466
0.072524	0.072375	0.054683	0.077999	0.078751	0.066550	0.053216	0.045950	0.077295	0.054386	0.063452	0.068875	0.015071	0.052517	0.078063	0.065978	0.065978	0.078063	0.052517	0.015071	0.068875	0.063452	0.054386	0.077295	0.045950	0.053216	0.066550	0.078751	0.077999	0.054683	0.072375	0.072524
0.073058	0.072693	0.053989	0.075622	0.080901	0.064273	0.053772	0.045415	0.076040	0.054460	0.063627	0.069060	0.014785	0.050510	0.082734	0.066630	0.066630	0.082734	0.050510	0.014785	0.069060	0.063627	0.054460	0.076040	0.045415	0.053772	0.064273	0.080901	0.075622	0.053989	0.072693	0.073058
0.073678	0.073795	0.052411	0.077618	0.081950	0.066137	0.053078	0.046077	0.076331	0.056748	0.063066	0.069542	0.014002	0.050955	0.078884	0.063113	0.063113	0.078884	0.050955	0.014002	0.069542	0.063066	0.056748	0.076331	0.046077	0.053078	0.066137	0.081950	0.077618	0.052411	0.073795	0.073678
0.072116	0.073408	0.052935	0.078794	0.078799	0.065343	0.055302	0.044918	0.076702	0.053597	0.061239	0.071586	0.014277	0.052125	0.080287	0.065761	0.065761	0.080287	0.052125	0.014277	0.071586	0.061239	0.053597	0.076702	0.044918	0.055302	0.065343	0.078799	0.078794	0.052935	0.073408	0.072116
0.071782	0.074388	0.054132	0.079440	0.081166	0.063007	0.052331	0.045654	0.076109	0.053798	0.063256	0.070882	0.013615	0.052061	0.078566	0.066645	0.066645	0.078566	0.052061	0.013615	0.070882	0.063256	0.053798	0.076109	0.045654	0.052331	0.063007	0.081166	0.079440	0.054132	0.074388	0.071782
0.074674	0.072036	0.052496	0.078121	0.080012	0.065014	0.052946	0.043790	0.076601	0.056388	0.062785	0.071057	0.015029	0.052183	0.078010	0.065369	0.065369	0.078010	0.052183	0.015029	0.071057	0.062785	0.056388	0.076601	0.043790	0.052946	0.065014	0.080012	0.078121	0.052496	0.072036	0.074674
0.074552	0.074833	0.052252	0.075442	0.078873	0.062626	0.054598	0.046374	0.075336	0.054826	0.063569	0.069955	0.014658	0.053629	0.078783	0.065729	0.065729	0.078783	0.053629	0.014658	0.069955	0.063569	0.054826	0.075336	0.046374	0.054598	0.062626	0.078873	0.075442	0.052252	0.074833	0.074552
0.072481	0.072211	0.052316	0.078921	0.082395	0.065322	0.054593	0.046459	0.074552	0.054360	0.062939	0.068054	0.014452	0.053184	0.079980	0.063214	0.063214	0.079980	0.053184	0.014452	0.068054	0.062939	0.054360	0.074552	0.046459	0.054593	0.065322	0.082395	0.078921	0.052316	0.072211	0.072481
0.073011	0.071904	0.051908	0.078656	0.078455	0.063648	0.053200	0.046776	0.076628	0.055244	0.063076	0.070162	0.014108	0.053703	0.079752	0.064580	0.064580	0.079752	0.053703	0.014108	0.070162	0.063076	0.055244	0.076628	0.046776	0.053200	0.063648	0.078455	0.078656	0.051908	0.071904	0.073011
0.074721	0.072412	0.054391	0.077470	0.078735	0.063717	0.052925	0.046157	0.075081	0.055885	0.062764	0.067487	0.014759	0.052220	0.079524	0.065634	0.065634	0.079524	0.052220	0.014759	0.067487	0.062764	0.055885	0.075081	0.046157	0.052925	0.063717	0.078735	0.077470	0.054391	0.072412	0.074721
0.073540	0.073879	0.054603	0.078688	0.080059	0.062070	0.053173	0.045844	0.076363	0.055662	0.062796	0.067265	0.015135	0.050700	0.078471	0.064506	0.064506	0.078471	0.050700	0.015135	0.067265	0.062796	0.055662	0.076363	0.045844	0.053173	0.062070	0.080059	0.078688	0.054603	0.073879	0.073540
0.075156	0.073879	0.052167	0.078847	0.078926	0.062144	0.053523	0.045839	0.076098	0.055175	0.061964	0.070570	0.013536	0.051511	0.078174	0.063558	0.063558	0.078174	0.051511	0.013536	0.070570	0.061964	0.055175	0.076098	0.045839	0.053523	0.062144	0.078926	0.078847	0.052167	0.073879	0.075156
0.072746	0.074547	0.054090	0.077502	0.078460	0.063436	0.054836	0.044817	0.074621	0.055403	0.061715	0.067715	0.014997	0.052893	0.076162	0.065581	0.065581	0.076162	0.052893	0.014997	0.067715	0.061715	0.055403	0.074621	0.044817	0.054836	0.063436	0.078460	0.077502	0.054090	0.074547	0.072746
0.072397	0.073673	0.053248	0.078391	0.078884	0.061832	0.052750	0.046543	0.075124	0.053406	0.063574	0.067853	0.015389	0.052040	0.077517	0.064909	0.064909	0.077517	0.052040	0.015389	0.067853	0.063574	0.053406	0.075124	0.046543	0.052750	0.061832	0.078884	0.078391	0.053248	0.073673	0.072397
0.072815	0.071671	0.052188	0.077269	0.078990	0.062208	0.054476	0.045611	0.073805	0.054391	0.062928	0.067429	0.014997	0.052782	0.078296	0.065348	0.065348	0.078296	0.052782	0.014997	0.067429	0.062928	0.054391	0.073805	0.045611	0.054476	0.062208	0.078990	0.077269	0.052188	0.071671	0.072815
0.073239	0.074224	0.051707	0.077549	0.077930	0.062044	0.054259	0.044542	0.074848	0.053740	0.062875	0.067593	0.014245	0.052522	0.077671	0.064379	0.064379	0.077671	0.052522	0.014245	0.067593	0.062875	0.053740	0.074848	0.044542	0.054259	0.062044	0.077930	0.077549	0.051707	0.074224	0.073239
0.073085	0.073111	0.052533	0.076988	0.077840	0.064061	0.052903	0.045092	0.074118	0.052951	0.062361	0.068430	0.013933	0.050949	0.078285	0.064411	0.064411	0.078285	0.050949	0.013933	0.068430	0.062361	0.052951	0.074118	0.045092	0.052903	0.064061	0.077840	0.076988	0.052533	0.073111	0.073085
0.073011	0.071883	0.050176	0.076919	0.079779	0.062695	0.052909	0.045055	0.076967	0.053894	0.062282	0.069007	0.013980	0.050706	0.076103	0.063013	0.063013	0.076103	0.050706	0.013980	0.069007	0.062282	0.053894	0.076967	0.045055	0.052909	0.062695	0.079779	0.076919	0.050176	0.071883	0.073011
0.074160	0.071348	0.053147	0.075743	0.077147	0.061615	0.053518	0.046024	0.073556	0.054863	0.061572	0.067980	0.014018	0.051945	0.076649	0.064845	0.064845	0.076649	0.051945	0.014018	0.067980	0.061572	0.054863	0.073556	0.046024	0.053518	0.061615	0.077147	0.075743	0.053147	0.071348	0.074160
0.000159	0.000090	0.000032	0.000191	0.000122	0.000095	0.000138	0.000117	0.000143	0.000090	0.000148	0.000101	0.000053	0.000079	0.000053	0.000106	0.000106	0.000053	0.000079	0.000053	0.000101	0.000148	0.000090	0.000143	0.000117	0.000138	0.000095	0.000122	0.000191	0.000032	0.000090	0.000159
